25260,USR_007,2022-07-22 08:08
25260,ADM_003,2022-07-22 08:09
25261,ADM_001,2022-07-22 08:08
25261,ADM_003,2022-07-22 08:08
25261,ADM_001,2022-07-22 08:08
25261,ADM_003,2022-07-22 08:08
25261,ADM_001,2022-07-22 08:09
25261,ADM_002,2022-07-22 08:09
25261,USR_004,2022-07-22 08:10
25261,USR_005,2022-07-22 08:10
25261,USR_009,2022-07-22 08:10
25261,USR_015,2022-07-22 08:10
58450,ADM_003,2022-07-22 08:08
58450,ADM_002,2022-07-22 08:08
58450,ADM_002,2022-07-22 08:08
58450,ADM_001,2022-07-22 08:09
58450,ADM_002,2022-07-22 08:09
58450,ADM_003,2022-07-22 08:09
58450,ADM_003,2022-07-22 08:09
58450,USR_004,2022-07-22 08:09
58450,USR_006,2022-07-22 08:09
58450,USR_010,2022-07-22 08:09
58450,USR_012,2022-07-22 08:09
58450,USR_014,2022-07-22 08:09
58450,USR_018,2022-07-22 08:09
58450,USR_026,2022-07-22 08:09
58450,USR_003,2022-07-22 08:10
58450,USR_003,2022-07-22 08:10
58450,USR_021,2022-07-22 08:10
58450,USR_022,2022-07-22 08:10
58450,USR_023,2022-07-22 08:10
58450,USR_019,2022-07-22 08:10
58450,USR_020,2022-07-22 08:10
58451,ADM_003,2022-07-22 08:08
58451,ADM_003,2022-07-22 08:08
58451,ADM_001,2022-07-22 08:09
58451,ADM_002,2022-07-22 08:09
58451,ADM_003,2022-07-22 08:09
58451,ADM_002,2022-07-22 08:09
58451,ADM_001,2022-07-22 08:09
58451,USR_001,2022-07-22 08:09
58451,USR_002,2022-07-22 08:09
58451,USR_003,2022-07-22 08:09
58451,USR_005,2022-07-22 08:09
58451,USR_006,2022-07-22 08:09
58451,USR_007,2022-07-22 08:09
58451,USR_008,2022-07-22 08:09
58451,USR_009,2022-07-22 08:09
58451,USR_010,2022-07-22 08:09
58451,USR_011,2022-07-22 08:09
58451,USR_012,2022-07-22 08:09
58451,USR_013,2022-07-22 08:09
58451,USR_014,2022-07-22 08:09
58451,USR_015,2022-07-22 08:09
58451,USR_016,2022-07-22 08:09
58451,USR_017,2022-07-22 08:09
58451,USR_018,2022-07-22 08:09
58451,USR_019,2022-07-22 08:09
58451,USR_020,2022-07-22 08:09
58451,USR_022,2022-07-22 08:09
58451,USR_024,2022-07-22 08:09
58451,USR_027,2022-07-22 08:09
58451,USR_028,2022-07-22 08:09
58451,USR_030,2022-07-22 08:10
58451,USR_012,2022-07-22 08:10
58451,USR_013,2022-07-22 08:10
58451,USR_013,2022-07-22 08:10
58451,USR_014,2022-07-22 08:10
58451,USR_015,2022-07-22 08:10
58451,USR_026,2022-07-22 08:10
58451,USR_027,2022-07-22 08:10
58451,USR_022,2022-07-22 08:10
62620,ADM_002,2022-07-22 08:08
62620,ADM_001,2022-07-22 08:08
62620,ADM_001,2022-07-22 08:08
62620,ADM_003,2022-07-22 08:09
62620,ADM_002,2022-07-22 08:09
62620,USR_004,2022-07-22 08:09
62620,USR_005,2022-07-22 08:09
62620,USR_009,2022-07-22 08:09
62620,USR_017,2022-07-22 08:09
62620,USR_025,2022-07-22 08:09
62620,USR_003,2022-07-22 08:10
62620,USR_003,2022-07-22 08:10
62620,USR_004,2022-07-22 08:10
62620,USR_005,2022-07-22 08:10
62621,ADM_002,2022-07-22 08:08
62621,ADM_002,2022-07-22 08:08
62621,ADM_001,2022-07-22 08:09
62621,ADM_003,2022-07-22 08:09
62621,USR_003,2022-07-22 08:09
62621,USR_007,2022-07-22 08:09
62621,USR_008,2022-07-22 08:09
62621,USR_011,2022-07-22 08:09
62621,USR_015,2022-07-22 08:09
62621,USR_016,2022-07-22 08:09
62621,USR_021,2022-07-22 08:09
62621,USR_023,2022-07-22 08:09
62621,USR_029,2022-07-22 08:09
62621,USR_007,2022-07-22 08:10
62621,USR_008,2022-07-22 08:10
62621,USR_006,2022-07-22 08:10
62621,USR_005,2022-07-22 08:10
